{
    "movies": {
        "1" :{
            "backgroundImg": "https://prod-ripcut-delivery.disney-plus.net/v1/variant/disney/49B92C046117E89BC9243A68EE277A3B30D551D4599F23C10BF0B8C1E90AEFB6/scale?width=1440&aspectRatio=1.78&format=jpeg",
            "cardImg": "https://prod-ripcut-delivery.disney-plus.net/v1/variant/disney/87F1DCF36049558159913ADFD18A800DE1121771540033EC3A7651B8FE154CEB/scale?width=400&aspectRatio=1.78&format=jpeg",
            "description": "When 11-year-old Riley moves to a new city, her Emotions team up to help her through the transition. Joy, Fear, Anger, Disgust and Sadness work together, but when Joy and Sadness get lost, they must journey through unfamiliar places to get back home.",
            "subTitle": "2015 • 1h 35m • Coming of Age, Family, Animation",
            "title": "Inside Out",
            "titleImg": "https://prod-ripcut-delivery.disney-plus.net/v1/variant/disney/5C647DF3FFBFA343CFEA84AC715148F25F9E86F398B408010CC403E7654FB908/scale?width=1440&aspectRatio=1.78",
            "type": "recommend"
        },
        "2" :{
            "backgroundImg": "https://prod-ripcut-delivery.disney-plus.net/v1/variant/disney/4E9E81584305009D6385F6178D4B6930E97CD6EC4A3B53C818400DEF778FFA9A/scale?width=1440&aspectRatio=1.78&format=jpeg",
            "cardImg": "https://prod-ripcut-delivery.disney-plus.net/v1/variant/disney/B983FF22BA64B6E19E0D3267280819B26758CFB765E8BED1099D11E320612953/scale?width=400&aspectRatio=1.78&format=jpeg",
            "description": "Garfield is adopted by a greedy Lord with nefarious plans to open up his estate as a hunting ground.",
            "subTitle": "2006 • 1h 19m • Family, Comedy, Kids",
            "title": "A tail of two kitties",
            "titleImg": "https://prod-ripcut-delivery.disney-plus.net/v1/variant/disney/50B933E83609BEEFEDFA177A6D96DBFA7804C14F70A0B5AB314E892E65498ACF/scale?width=1440&aspectRatio=1.78",
            "type": "new"
        },
        "3" :{
            "backgroundImg": "https://prod-ripcut-delivery.disney-plus.net/v1/variant/disney/4F39B7E16726ECF419DD7C49E011DD95099AA20A962B0B10AA1881A70661CE45/scale?width=1440&aspectRatio=1.78&format=jpeg",
            "cardImg": "https://prod-ripcut-delivery.disney-plus.net/v1/variant/disney/706C68FF1CEA5A9C2AE0608892C2DF79E4AC1F0DDB4BFF7FE6DAFC36DAFC0286/scale?width=400&aspectRatio=1.78&format=jpeg",
            "description": "A Chinese mom who’s sad when her grown son leaves home gets another chance at motherhood when one of her dumplings springs to life. But she finds that nothing stays cute and small forever.",
            "subTitle": "2018 • 7m • Family, Fantasy, Kids, Animation",
            "title": "Bao",
            "titleImg": "https://prod-ripcut-delivery.disney-plus.net/v1/variant/disney/D7AEE1F05D10FC37C873176AAA26F777FC1B71E7A6563F36C6B1B497CAB1CEC2/scale?width=1440&aspectRatio=1.78",
            "type": "recommend"
        },
        "4" :{
            "backgroundImg": "https://prod-ripcut-delivery.disney-plus.net/v1/variant/disney/FA1548A6B82C9991B1D38DF251A388FEA2483904510FBC73E150F67F7BDE38C0/scale?width=1440&aspectRatio=1.78&format=jpeg",
            "cardImg": "https://prod-ripcut-delivery.disney-plus.net/v1/variant/disney/0ECD36DD35658155915685271440833C29ED87E788CF8AE111AA6BCA6B939C37/scale?width=400&aspectRatio=1.78&format=jpeg",
            "description": "When the kingdom's most wanted bandit is taken hostage by Rapunzel — a teen with 70 feet of golden hair who's looking to escape the tower where she's been locked away for years — the unlikely duo sets off on a hair-raising escapade.",
            "subTitle": "2010 • 1h 40m • Family, Fantasy, Animation, Action-Adventure, Musical",
            "title": "Tangled",
            "titleImg": "https://prod-ripcut-delivery.disney-plus.net/v1/variant/disney/F70235E3463A6F246EB462ED5379F9D41D6318E80098BD40900E7AFC1C7D932D/scale?width=1440&aspectRatio=1.78",
            "type": "trending"
        },
        "5" :{
            "backgroundImg": "https://prod-ripcut-delivery.disney-plus.net/v1/variant/disney/56EEBB17CC25C9FE16E334C34EF96BF7D91EC9BA3B438F88FB24E1C2AE785E03/scale?width=1440&aspectRatio=1.78&format=jpeg",
            "cardImg": "https://prod-ripcut-delivery.disney-plus.net/v1/variant/disney/E486A02FA7B60669E77958D4FAE567AA5C9C57344006E1D1ADFC080719545166/badging?width=400&aspectRatio=1.78&format=jpeg&label=originals",
            "description": "Jamie Foxx leads an all-star cast in this hilarious, heart-filled adventure. Pixar’s 'Soul' introduces Joe, who lands the gig of his life at the best jazz club in town. But one misstep lands Joe in a fantastical place: The Great Before. There, he teams up with soul 22 (Tina Fey), and together they find the answers to some of life’s biggest questions.",
            "subTitle": "2020 • 1h 49m • Family, Comedy, Fantasy, Animation, Music",
            "title": "Soul",
            "titleImg": "https://prod-ripcut-delivery.disney-plus.net/v1/variant/disney/E837DDE901CD036DD87A00F2D63E2F2458FAA798E62BE91F973AECCEA313A67E/scale?width=1440&aspectRatio=1.78",
            "type": "original"
        },
        "6" :{
            "backgroundImg": "https://prod-ripcut-delivery.disney-plus.net/v1/variant/disney/AAC4808815AE5721A6AAB372DD14B8CE2E7E9EFF3A27942EF2B6B45EBF4E65CB/scale?width=1440&aspectRatio=1.78&format=jpeg",
            "cardImg": "https://prod-ripcut-delivery.disney-plus.net/v1/variant/disney/501783804F435A386DBC4736F529A8EF664B1817CCB0B552E52D825B85B0A97B/scale?width=400&aspectRatio=1.78&format=jpeg",
            "description": "Moana sets sail on a daring mission to save her people. Along the way, she meets the mighty demigod Maui–together they cross the ocean on a fun-filled, action-packed voyage from Walt Disney Animation Studios.",
            "subTitle": "2016 • 1h 47m • Family, Fantasy, Animation, Action-Adventure, Musical",
            "title": "Moana",
            "titleImg": "https://prod-ripcut-delivery.disney-plus.net/v1/variant/disney/9562874BAB22B22A698368819B9EBF30FEB0291543552EB2416A5A61A73F63F4/scale?width=1440&aspectRatio=1.78",
            "type": "trending"
        },
        "7" :{
            "backgroundImg": "https://prod-ripcut-delivery.disney-plus.net/v1/variant/disney/B409C2A425D58C32D822EB633C7CAE3DC910DC2FC62D2B1807A0BB092C531E9A/scale?width=1440&aspectRatio=1.78&format=jpeg",
            "cardImg": "https://prod-ripcut-delivery.disney-plus.net/v1/variant/disney/C0A883EAB54DDDC924018D08CF4555EE72B3E9A8C214BDADF29CB82B5E2275D7/scale?width=400&aspectRatio=1.78&format=jpeg",
            "description": "While Helen is called on to lead a campaign to bring back the Supers, Bob navigates the day-to-day heroics of “normal” life at home with Violet, Dash and Jack-Jack, whose superpowers are about to be discovered. Their mission is derailed, however, when a new villain emerges with a brilliant and dangerous plot that threatens everything. But with Frozone by their side, the Parrs can take on anything.",
            "subTitle": "2018 • 1h 58m • Science Fiction, Family, Animation, Action-Adventure",
            "title": "Incredibles 2",
            "titleImg": "https://prod-ripcut-delivery.disney-plus.net/v1/variant/disney/2041CE26663867FC4EF20377B8625BD629E619452E23BCDB1AB259DD475C2EA1/scale?width=1440&aspectRatio=1.78",
            "type": "recommend"
        },
        "8" :{
            "backgroundImg": "https://prod-ripcut-delivery.disney-plus.net/v1/variant/disney/D53D1F5D357587A8D09067AB09FFC7096F837CBAAE02BDC3C0E75814471A1E36/scale?width=1440&aspectRatio=1.78&format=jpeg",
            "cardImg": "https://prod-ripcut-delivery.disney-plus.net/v1/variant/disney/CC08686E87BDB2D83A46C9608CB2F43018381A82608C380649351A00ED0D2919/badging?width=400&aspectRatio=1.78&format=jpeg&label=originals",
            "description": "ASSEMBLED is an immersive series of documentary-style specials examining the creation of Marvel Studios’ thrilling new shows and theatrical releases.",
            "subTitle": "2021 • 1 Season • Docuseries, Anthology",
            "title": "Assembled",
            "titleImg": "https://prod-ripcut-delivery.disney-plus.net/v1/variant/disney/37D80C5D1AB0BA65C63588311EC60A07342F60F91D402C28B8E1137AF6A30549/scale?width=1440&aspectRatio=1.78",
            "type": "original"
        },
        "9" :{
            "backgroundImg": "https://prod-ripcut-delivery.disney-plus.net/v1/variant/disney/2A509165105A09F9F533E2008B143BCF38D6A5859D0EBB40CCA388772005CD94/scale?width=1440&aspectRatio=1.78&format=jpeg",
            "cardImg": "https://prod-ripcut-delivery.disney-plus.net/v1/variant/disney/A13BEC78ACF76FC91A94A1595A62A42CC26DFC6259332C74E061ADA379024E5C/badging?width=400&aspectRatio=1.78&format=jpeg&label=originals",
            "description": "A young rabbit embarks on a journey to dig the burrow of her dreams, despite not having a clue what she’s doing. Rather than reveal to her neighbors her imperfections, she digs herself deeper and deeper into trouble. After hitting (bed)rock bottom, she learns there is no shame in asking for help.",
            "subTitle": "2020 • 6m • Family, Animation",
            "title": "Burrow",
            "titleImg": "https://prod-ripcut-delivery.disney-plus.net/v1/variant/disney/DD8BBA864E290FBC03A244A488FFC8DC8365FBF2F95A122B1D57BF3772D717FD/scale?width=1440&aspectRatio=1.78",
            "type": "original"
        },
        "10" :{
            "backgroundImg": "https://prod-ripcut-delivery.disney-plus.net/v1/variant/disney/223DAE104BE1175F374C4AACAC0EB5B8B0DB9C49839AA2E10085533DDFE07A8E/scale?width=1440&aspectRatio=1.78&format=jpeg",
            "cardImg": "https://prod-ripcut-delivery.disney-plus.net/v1/variant/disney/6EA416AD3B15FCC1BADC817A932A57FFF707556DB2233FFCB4CFEB7C8EEDE23C/scale?width=400&aspectRatio=1.78&format=jpeg",
            "description": "This animated comedy focuses on the eponymous family in the town of Springfield. The head of the Simpson family, Homer, is not a typical family man. A nuclear-plant employee, he does his best to lead his family but often finds that they are leading him. The family includes loving, blue-haired matriarch Marge, troublemaking son Bart, overachieving daughter Lisa and baby Maggie.",
            "subTitle": "1989 - 2019 • 31 Seasons • Comedy, Animation",
            "title": "The Simpsons",
            "titleImg": "https://prod-ripcut-delivery.disney-plus.net/v1/variant/disney/47A6FB38D95B3A5EF5583C9EED0B698ED2992CBA4AC7222DD3269DC92DFA03A6/scale?width=1440&aspectRatio=1.78",
            "type": "trending"
        },
        "11" :{
            "backgroundImg": "https://prod-ripcut-delivery.disney-plus.net/v1/variant/disney/F6CDB6C0EB2D77EB19BCADA31F85066E001A1F61FA68F4AC3356A73FE076477F/scale?width=1440&aspectRatio=1.78&format=jpeg",
            "cardImg": "https://prod-ripcut-delivery.disney-plus.net/v1/variant/disney/F8D1A6FD00ED479CC5E2E5C3E85F10EB05550748BD3C0FE76756614071968541/badging?width=400&aspectRatio=1.78&format=jpeg&label=originals",
            "description": "Marvel Studios LEGENDS traces Wanda Maximoff’s evolution from an adversary of The Avengers to a powerful ally, and highlights one special relationship destined to shape her future in unexpected ways…",
            "subTitle": "2021 • 1 Season • Science Fiction, Fantasy, Action-Adventure",
            "title": "Legends",
            "titleImg": "https://prod-ripcut-delivery.disney-plus.net/v1/variant/disney/DDFF0FDF457E092EE53149CE7DB5BD14CB97E27B92D2D087E7C687B4E3073DE2/scale?width=1440&aspectRatio=1.78",
            "type": "original"
        },
        "12" :{
            "backgroundImg": "https://prod-ripcut-delivery.disney-plus.net/v1/variant/disney/09A0617D43282F1A4FA1A97DF6159B4263A8DEB9679A007B61D5E5D6E5D0A2DD/scale?width=1440&aspectRatio=1.78&format=jpeg",
            "cardImg": "https://prod-ripcut-delivery.disney-plus.net/v1/variant/disney/1E0501AFBAFCA1ABB5D31DBA7D1A913B2A35D70FD3DFD804939B71901577161D/scale?width=400&aspectRatio=1.78&format=jpeg",
            "description": "Watch with Premier Access at the same time it's in open theaters and before it's available to all Disney+ subscribers on June 4, 2021.",
            "subTitle": "2021 • 1h 52m • Family, Fantasy, Animation, Action-Adventure",
            "title": "Raya",
            "titleImg": "https://prod-ripcut-delivery.disney-plus.net/v1/variant/disney/E7D8EFFDD30B2A0E205DDD9929207439B21E7595709769F2A23C50457664FFB2/scale?width=1440&aspectRatio=1.78",
            "type": "new"
        },
        "13" :{
            "backgroundImg": "https://prod-ripcut-delivery.disney-plus.net/v1/variant/disney/09DAD6A5DAECB6BA9E329FFA896B18978FE4AD5540C070D7973EE53357DD4D24/scale?width=1440&aspectRatio=1.78&format=jpeg",
            "cardImg": "https://prod-ripcut-delivery.disney-plus.net/v1/variant/disney/01666FAA085FF29B709DB13975E563E5E047DAAFF7D8F331201CB73F3C30027E/scale?width=400&aspectRatio=1.78&format=jpeg",
            "description": "When Bob Parr visits designer Edna Mode for help with his high-energy toddler, she pulls an all-nighter designing a supersuit to harness Jack-Jack’s seemingly limitless powers.",
            "subTitle": "2018 • 7m • Family, Comedy, Animation",
            "title": "Auntie EDNA",
            "titleImg": "https://prod-ripcut-delivery.disney-plus.net/v1/variant/disney/A31BE6502DC7A3A01DAF58DF7E91AB6FF598A078C8FA88A1DB2D7B7E25439464/scale?width=1440&aspectRatio=1.78",
            "type": "recommend"
        },
        "14" :{
            "backgroundImg": "https://prod-ripcut-delivery.disney-plus.net/v1/variant/disney/6FF2B403436E6558C08FB44B40AE334A9172FA293A8325940E8E7FF7F696E4D3/scale?width=1440&aspectRatio=1.78&format=jpeg",
            "cardImg": "https://prod-ripcut-delivery.disney-plus.net/v1/variant/disney/509E4D9F0BF98A9DC4CDD38954380782F6AB2664E503CC7652A37D18D06666BF/scale?width=400&aspectRatio=1.78&format=jpeg",
            "description": "Mickey entertains preschoolers by inviting them to join him and his friends for a date at the Clubhouse. Using early math learning and problem solving skills, he leads kids on an interactive adventure of learning and fun.",
            "subTitle": "2006 - 2013 • 5 Seasons • Kids, Animation",
            "title": "Mickey mouse",
            "titleImg": "https://prod-ripcut-delivery.disney-plus.net/v1/variant/disney/4FF3FCD567F0263430DFC33B9489CE2799AE33B50AD553DE65F03B3EA2E19828/scale?width=1440&aspectRatio=1.78",
            "type": "trending"
        },
        "15" :{
            "backgroundImg": "https://prod-ripcut-delivery.disney-plus.net/v1/variant/disney/456A711C19899C881600F6247705E5253EB18C2471D75E5281E1FF6ACB6D2FBA/scale?width=1440&aspectRatio=1.78&format=jpeg",
            "cardImg": "https://prod-ripcut-delivery.disney-plus.net/v1/variant/disney/341AE85B6C1423B9042B5F2E786645EE551B9D546C3D263B220A4727617FD2B8/badging?width=400&aspectRatio=1.78&format=jpeg&label=originals",
            "description": "Marvel Studios’ “The Falcon and The Winter Soldier” stars Anthony Mackie as Sam Wilson aka The Falcon, and Sebastian Stan as Bucky Barnes aka The Winter Soldier. The pair, who came together in the final moments of “Avengers: Endgame,” team up on a global adventure that tests their abilities—and their patience.",
            "subTitle": "2021 • 1 Season • Science Fiction, Action-Adventure, Buddy",
            "title": "The falcon and the winter soldier",
            "titleImg": "https://prod-ripcut-delivery.disney-plus.net/v1/variant/disney/4A67A42FB16607DAE7E22266D3F00181965178ED1884047C2D982EE7D89D3554/scale?width=1440&aspectRatio=1.78",
            "type": "new"
        },
        "16" :{
            "backgroundImg": "https://prod-ripcut-delivery.disney-plus.net/v1/variant/disney/28F85D4A1F7CA135B7B20B3EDB42EDA73196C2A71C52C5400A6C2285F8E071BE/scale?width=1440&aspectRatio=1.78&format=jpeg",
            "cardImg": "https://prod-ripcut-delivery.disney-plus.net/v1/variant/disney/4B32D8CB7C0C358E9FF348FB0338AD13F9A5836808E9EF5FADD9DBDE52FC3CAD/scale?width=400&aspectRatio=1.78&format=jpeg",
            "description": "J-Pop band Perfume is featured in this original music and documentary series 'Disney’s My Music Story.' The show features Perfume's life stories, passion for music, Disney memories, and more.",
            "subTitle": "2019 • 53m • Documentary, Biographical, Music",
            "title": "My music story",
            "titleImg": "https://prod-ripcut-delivery.disney-plus.net/v1/variant/disney/97BB36F8B9FC053F561894DD7B1C42C4FD20E63560F481CBCB3B9D3600CFCA3B/scale?width=1440&aspectRatio=1.78",
            "type": "new"
        }
    }
} 